enquiry_id,received_at,category
E49-038,2026-09-09T02:45:45+04:00,complaint
E04-017,2025-11-02T13:27:00+04:00,complaint
E23-016,2026-03-13T07:52:53+04:00,sales
E46-002,2026-08-17T00:36:55+04:00,sales
E20-035,2026-02-21T01:06:59+04:00,support
E05-003,2025-11-09T12:31:23+04:00,support
E10-015,2025-12-12T09:46:45+04:00,partnership
E26-020,2026-04-01T10:27:29+04:00,spam
E17-032,2026-01-27T23:51:46+04:00,spam
E03-001,2025-10-24T10:29:26+04:00,complaint
E18-000,2026-02-03T03:54:45+04:00,support
E14-000,2026-01-07T16:14:47+04:00,support
E45-003,2026-08-13T15:15:06+04:00,complaint
E49-014,2026-09-11T13:49:01+04:00,support
E40-010,2026-07-09T10:22:31+04:00,sales
E37-019,2026-06-15T19:48:16+04:00,spam
E12-025,2025-12-24T05:48:40+04:00,sales
E12-000,2025-12-25T09:36:44+04:00,complaint
E08-019,2025-11-28T09:49:52+04:00,spam
E36-018,2026-06-12T04:04:22+04:00,sales
E21-027,2026-02-28T09:35:32+04:00,complaint
E02-015,2025-10-16T14:09:20+04:00,sales
E02-010,2025-10-13T05:18:36+04:00,support
E34-024,2026-05-30T22:17:47+04:00,sales
E05-015,2025-11-04T00:04:46+04:00,support
E13-032,2026-01-04T20:11:28+04:00,partnership
E02-024,2025-10-15T21:11:08+04:00,support
E38-023,2026-06-23T20:28:57+04:00,partnership
E44-014,2026-08-09T18:23:30+04:00,support
E13-015,2026-01-03T20:15:23+04:00,sales
E42-005,2026-07-20T21:53:50+04:00,spam
E41-026,2026-07-16T12:35:07+04:00,spam
E38-013,2026-06-28T22:47:04+04:00,complaint
E44-032,2026-08-07T12:01:44+04:00,complaint
E15-003,2026-01-18T01:49:13+04:00,support
E30-018,2026-05-02T17:34:08+04:00,complaint
E36-006,2026-06-13T06:29:14+04:00,complaint
E03-008,2025-10-23T20:46:42+04:00,sales
E41-006,2026-07-14T13:30:42+04:00,sales
E23-019,2026-03-13T07:38:42+04:00,partnership
E19-012,2026-02-11T03:44:24+04:00,complaint
E10-010,2025-12-12T04:05:17+04:00,sales
E33-006,2026-05-23T08:13:50+04:00,support
E00-014,2025-10-04T19:08:55+04:00,sales
E02-006,2025-10-17T13:42:56+04:00,support
E42-014,2026-07-25T07:33:23+04:00,partnership
E31-003,2026-05-05T03:32:41+04:00,complaint
E16-000,2026-01-23T11:04:16+04:00,sales
E37-006,2026-06-15T03:32:36+04:00,support
E47-005,2026-08-26T05:19:46+04:00,support
E30-006,2026-05-02T13:36:35+04:00,spam
E29-004,2026-04-25T18:01:29+04:00,sales
E17-031,2026-01-30T20:59:21+04:00,support
E43-000,2026-07-29T00:50:55+04:00,spam
E36-016,2026-06-12T08:56:59+04:00,sales
E37-008,2026-06-15T02:34:47+04:00,complaint
E36-000,2026-06-13T12:02:34+04:00,partnership
E38-002,2026-06-24T18:34:43+04:00,sales
E03-009,2025-10-23T15:09:29+04:00,sales
E26-004,2026-03-30T01:44:02+04:00,sales
E19-029,2026-02-14T13:40:50+04:00,support
E04-028,2025-10-31T13:21:03+04:00,complaint
E34-008,2026-05-29T12:17:23+04:00,spam
E30-028,2026-04-29T03:53:34+04:00,sales
E41-013,2026-07-13T07:56:34+04:00,spam
E27-003,2026-04-12T13:41:59+04:00,support
E21-003,2026-02-23T18:29:42+04:00,sales
E40-019,2026-07-10T03:24:35+04:00,support
E37-009,2026-06-16T15:55:19+04:00,support
E19-015,2026-02-13T16:23:59+04:00,sales
E37-020,2026-06-15T21:08:36+04:00,support
E40-042,2026-07-06T03:24:26+04:00,sales
E44-036,2026-08-04T06:59:54+04:00,sales
E06-002,2025-11-11T12:58:16+04:00,sales
E06-008,2025-11-16T23:57:43+04:00,sales
E48-005,2026-09-05T07:50:27+04:00,sales
E03-010,2025-10-26T03:45:58+04:00,complaint
E42-018,2026-07-21T09:29:30+04:00,sales
E16-016,2026-01-24T23:56:12+04:00,sales
E40-041,2026-07-07T04:12:41+04:00,sales
E08-000,2025-11-30T03:15:26+04:00,spam
E29-023,2026-04-23T04:35:10+04:00,sales
E27-001,2026-04-08T23:07:48+04:00,sales
E32-009,2026-05-11T08:43:56+04:00,partnership
E43-002,2026-07-27T20:16:13+04:00,sales
E04-027,2025-10-31T07:38:15+04:00,support
E20-004,2026-02-18T08:03:34+04:00,sales
E12-039,2025-12-22T19:15:48+04:00,partnership
E33-016,2026-05-22T04:12:42+04:00,support
E17-024,2026-01-30T23:13:11+04:00,support
E21-009,2026-03-01T12:59:23+04:00,spam
E28-033,2026-04-16T09:02:52+04:00,support
E09-023,2025-12-01T01:32:27+04:00,sales
E08-029,2025-11-24T13:20:01+04:00,partnership
E10-014,2025-12-13T09:35:09+04:00,sales
E06-029,2025-11-13T18:29:50+04:00,spam
E40-038,2026-07-12T15:46:55+04:00,sales
E30-040,2026-05-01T19:59:19+04:00,sales
E49-015,2026-09-11T02:18:49+04:00,sales
E46-003,2026-08-23T08:02:59+04:00,sales
E20-008,2026-02-18T11:31:40+04:00,spam
E17-009,2026-02-01T01:10:00+04:00,partnership
E10-030,2025-12-13T09:04:47+04:00,partnership
E18-019,2026-02-03T18:56:09+04:00,partnership
E17-015,2026-01-26T01:55:07+04:00,partnership
E44-015,2026-08-03T17:33:58+04:00,support
E28-003,2026-04-15T00:37:24+04:00,sales
E23-033,2026-03-13T03:26:39+04:00,spam
E18-026,2026-02-04T10:21:45+04:00,support
E42-011,2026-07-25T02:17:43+04:00,support
E01-003,2025-10-09T08:06:15+04:00,sales
E23-014,2026-03-12T19:37:41+04:00,sales
E44-030,2026-08-08T11:30:04+04:00,spam
E11-038,2025-12-21T23:56:10+04:00,partnership
E25-013,2026-03-26T17:27:46+04:00,support
E33-013,2026-05-23T00:02:44+04:00,sales
E06-020,2025-11-15T02:09:00+04:00,complaint
E27-019,2026-04-10T15:26:12+04:00,support
E41-015,2026-07-15T13:59:53+04:00,sales
E34-015,2026-05-25T02:58:44+04:00,support
E17-012,2026-01-27T16:07:44+04:00,support
E00-002,2025-09-30T05:16:49+04:00,complaint
E49-002,2026-09-12T08:55:16+04:00,sales
E44-022,2026-08-06T04:02:23+04:00,support
E19-017,2026-02-15T08:44:28+04:00,sales
E48-000,2026-08-31T03:47:59+04:00,complaint
E12-036,2025-12-22T04:22:23+04:00,sales
E11-013,2025-12-15T12:45:03+04:00,complaint
E01-012,2025-10-08T18:33:12+04:00,support
E45-020,2026-08-16T17:08:04+04:00,support
E04-021,2025-11-01T07:18:40+04:00,sales
E26-000,2026-03-31T13:04:17+04:00,support
E02-004,2025-10-17T18:09:57+04:00,spam
E25-001,2026-03-27T16:09:24+04:00,support
E46-009,2026-08-18T11:26:54+04:00,partnership
E14-016,2026-01-08T10:38:34+04:00,spam
E37-001,2026-06-16T09:44:37+04:00,complaint
E33-017,2026-05-21T00:26:21+04:00,support
E29-010,2026-04-24T00:25:15+04:00,support
E13-037,2025-12-30T00:01:58+04:00,sales
E40-003,2026-07-07T18:08:40+04:00,support
E28-018,2026-04-19T04:21:57+04:00,partnership
E49-006,2026-09-08T23:00:25+04:00,sales
E28-001,2026-04-14T12:48:57+04:00,partnership
E41-030,2026-07-18T10:19:24+04:00,partnership
E40-039,2026-07-07T15:31:54+04:00,support
E28-034,2026-04-16T19:33:58+04:00,complaint
E35-000,2026-06-04T12:23:35+04:00,partnership
E11-014,2025-12-16T13:47:58+04:00,spam
E30-010,2026-04-27T23:24:39+04:00,support
E30-012,2026-04-29T23:17:00+04:00,support
E37-014,2026-06-19T16:58:18+04:00,sales
E38-010,2026-06-25T18:45:34+04:00,sales
E27-000,2026-04-12T16:36:30+04:00,spam
E29-024,2026-04-21T12:54:18+04:00,complaint
E47-010,2026-08-29T23:23:47+04:00,sales
E18-015,2026-02-02T17:37:09+04:00,partnership
E37-003,2026-06-18T15:28:52+04:00,sales
E39-001,2026-07-05T03:20:15+04:00,complaint
E50-013,2026-09-16T17:41:30+04:00,partnership
E47-023,2026-08-24T09:09:19+04:00,sales
E21-012,2026-02-24T10:10:25+04:00,spam
E21-024,2026-02-23T13:26:48+04:00,sales
E19-020,2026-02-13T23:40:19+04:00,sales
E26-005,2026-04-05T06:52:51+04:00,support
E18-033,2026-02-05T15:16:26+04:00,spam
E17-027,2026-01-31T08:54:37+04:00,spam
E32-013,2026-05-11T08:17:41+04:00,complaint
E46-016,2026-08-18T00:46:23+04:00,complaint
E13-006,2026-01-02T16:03:22+04:00,spam
E47-016,2026-08-26T19:10:01+04:00,complaint
E43-019,2026-07-31T05:58:13+04:00,partnership
E28-006,2026-04-18T03:01:15+04:00,spam
E24-016,2026-03-18T15:11:36+04:00,sales
E43-020,2026-07-30T21:27:14+04:00,support
E15-025,2026-01-15T18:52:42+04:00,support
E19-010,2026-02-12T16:44:03+04:00,complaint
E17-028,2026-01-26T02:53:51+04:00,sales
E44-026,2026-08-03T17:04:56+04:00,sales
E41-010,2026-07-15T11:10:51+04:00,support
E38-004,2026-06-28T17:01:18+04:00,sales
E36-020,2026-06-08T18:06:09+04:00,support
E49-003,2026-09-08T14:09:48+04:00,partnership
E33-020,2026-05-19T22:46:33+04:00,partnership
E10-032,2025-12-10T01:41:35+04:00,support
E09-014,2025-12-06T20:54:19+04:00,complaint
E38-030,2026-06-24T00:38:33+04:00,support
E05-002,2025-11-05T06:06:16+04:00,support
E22-014,2026-03-03T05:20:56+04:00,sales
E23-017,2026-03-13T19:57:56+04:00,partnership
E04-002,2025-11-01T06:23:07+04:00,support
E37-013,2026-06-17T14:22:03+04:00,support
E05-018,2025-11-06T12:04:52+04:00,sales
E10-031,2025-12-09T14:14:14+04:00,complaint
E01-015,2025-10-09T19:01:44+04:00,support
E27-020,2026-04-06T12:56:13+04:00,support
E13-026,2026-01-04T05:19:26+04:00,support
E47-025,2026-08-27T10:46:57+04:00,sales
E48-004,2026-09-01T14:12:53+04:00,sales
E42-013,2026-07-25T23:06:11+04:00,support
E24-003,2026-03-21T11:19:40+04:00,complaint
E38-014,2026-06-24T03:14:50+04:00,complaint
E16-019,2026-01-22T10:25:12+04:00,spam
E34-007,2026-05-29T17:34:16+04:00,spam
E26-025,2026-04-05T03:19:34+04:00,sales
E19-013,2026-02-14T22:19:08+04:00,sales
E26-008,2026-03-31T07:10:48+04:00,spam
E27-002,2026-04-09T05:55:31+04:00,support
E23-006,2026-03-10T07:00:36+04:00,sales
E13-018,2026-01-01T09:23:13+04:00,spam
E01-008,2025-10-07T04:53:16+04:00,complaint
E12-029,2025-12-26T08:38:32+04:00,complaint
E23-030,2026-03-10T22:54:30+04:00,partnership
E18-029,2026-02-07T18:33:53+04:00,sales
E33-005,2026-05-18T11:36:41+04:00,spam
E48-013,2026-08-31T16:43:51+04:00,sales
E29-019,2026-04-26T19:26:08+04:00,spam
E25-012,2026-03-26T08:55:34+04:00,sales
E48-010,2026-09-05T01:43:49+04:00,support
E10-016,2025-12-14T07:44:00+04:00,partnership
E26-006,2026-03-30T15:49:46+04:00,support
E19-026,2026-02-14T18:17:22+04:00,support
E44-011,2026-08-08T20:20:58+04:00,sales
E40-026,2026-07-07T03:59:17+04:00,complaint
E22-004,2026-03-07T04:06:12+04:00,sales
E43-009,2026-07-28T02:58:22+04:00,complaint
E28-013,2026-04-17T07:23:20+04:00,sales
E23-003,2026-03-10T06:24:31+04:00,sales
E28-023,2026-04-16T09:21:06+04:00,sales
E41-002,2026-07-17T02:18:05+04:00,partnership
E35-017,2026-06-05T02:58:01+04:00,support
E18-018,2026-02-08T13:37:10+04:00,support
E23-001,2026-03-13T12:12:03+04:00,sales
E19-004,2026-02-15T23:09:15+04:00,complaint
E01-016,2025-10-10T13:01:23+04:00,complaint
E18-004,2026-02-03T05:29:57+04:00,partnership
E49-008,2026-09-08T06:54:45+04:00,sales
E18-007,2026-02-03T07:27:33+04:00,complaint
E30-001,2026-05-03T21:26:18+04:00,sales
E38-001,2026-06-26T10:11:21+04:00,spam
E36-015,2026-06-10T20:27:09+04:00,support
E13-010,2026-01-01T06:25:29+04:00,partnership
E44-000,2026-08-09T00:37:58+04:00,complaint
E16-003,2026-01-19T06:41:25+04:00,sales
E34-011,2026-05-28T03:12:06+04:00,complaint
E40-012,2026-07-12T17:56:04+04:00,partnership
E21-006,2026-03-01T12:14:33+04:00,support
E02-020,2025-10-14T14:10:14+04:00,spam
E41-001,2026-07-13T06:11:26+04:00,spam
E10-006,2025-12-09T18:11:24+04:00,complaint
E18-027,2026-02-04T10:37:17+04:00,complaint
E31-007,2026-05-06T19:31:02+04:00,partnership
E17-019,2026-01-31T00:52:48+04:00,support
E37-005,2026-06-15T17:28:28+04:00,sales
E04-012,2025-10-29T12:20:21+04:00,sales
E37-027,2026-06-15T08:03:29+04:00,partnership
E27-012,2026-04-08T20:28:45+04:00,sales
E18-040,2026-02-06T13:29:32+04:00,spam
E23-023,2026-03-13T15:17:53+04:00,sales
E20-001,2026-02-18T05:27:41+04:00,support
E37-016,2026-06-15T20:39:23+04:00,spam
E08-014,2025-11-30T15:56:11+04:00,sales
E13-030,2025-12-29T10:17:22+04:00,sales
E26-031,2026-03-31T11:53:00+04:00,spam
E47-026,2026-08-30T14:05:26+04:00,sales
E08-003,2025-11-27T21:23:28+04:00,partnership
E06-013,2025-11-11T05:58:23+04:00,sales
E33-008,2026-05-18T10:51:26+04:00,spam
E00-009,2025-10-04T22:58:43+04:00,complaint
E41-025,2026-07-19T08:46:09+04:00,complaint
E46-005,2026-08-17T13:11:50+04:00,support
E36-004,2026-06-12T11:25:37+04:00,complaint
E34-019,2026-05-25T03:02:16+04:00,sales
E45-005,2026-08-11T00:28:34+04:00,partnership
E11-026,2025-12-20T01:09:18+04:00,support
E13-007,2025-12-31T06:06:56+04:00,support
E12-004,2025-12-24T18:14:35+04:00,support
E40-005,2026-07-07T04:47:15+04:00,support
E45-024,2026-08-14T19:58:19+04:00,complaint
E32-015,2026-05-16T17:02:37+04:00,sales
E04-005,2025-10-27T12:23:38+04:00,spam
E12-011,2025-12-25T18:00:08+04:00,spam
E47-003,2026-08-24T14:47:20+04:00,partnership
E30-004,2026-04-30T18:04:56+04:00,spam
E21-028,2026-02-28T22:51:06+04:00,sales
E48-012,2026-09-04T19:18:22+04:00,support
E41-003,2026-07-17T19:11:48+04:00,sales
E18-003,2026-02-07T15:12:38+04:00,support
E42-019,2026-07-22T03:37:05+04:00,spam
E21-015,2026-02-24T11:50:22+04:00,spam
E39-021,2026-06-29T02:28:22+04:00,partnership
E12-021,2025-12-27T00:35:52+04:00,spam
E43-013,2026-07-29T11:24:24+04:00,support
E03-014,2025-10-21T07:55:28+04:00,support
E38-027,2026-06-28T05:29:37+04:00,partnership
E49-013,2026-09-11T07:02:02+04:00,sales
E50-012,2026-09-14T10:30:05+04:00,sales
E03-017,2025-10-23T05:20:28+04:00,complaint
E35-018,2026-06-05T11:45:39+04:00,spam
E11-018,2025-12-19T17:11:15+04:00,complaint
E27-011,2026-04-07T17:20:57+04:00,partnership
E38-019,2026-06-23T05:34:01+04:00,sales
E04-008,2025-10-30T09:39:52+04:00,spam
E11-032,2025-12-17T19:17:19+04:00,sales
E44-024,2026-08-03T02:12:25+04:00,spam
E04-016,2025-10-31T17:21:00+04:00,complaint
E49-011,2026-09-13T20:52:51+04:00,support
E31-010,2026-05-07T15:23:57+04:00,support
E28-020,2026-04-17T11:44:00+04:00,complaint
E36-009,2026-06-11T22:22:33+04:00,complaint
E12-006,2025-12-25T18:59:17+04:00,sales
E01-014,2025-10-07T03:41:44+04:00,support
E50-000,2026-09-16T06:39:00+04:00,sales
E24-010,2026-03-22T07:58:13+04:00,sales
E44-025,2026-08-06T11:08:42+04:00,sales
E18-002,2026-02-02T03:05:21+04:00,sales
E33-014,2026-05-23T13:00:04+04:00,spam
E21-007,2026-03-01T10:23:57+04:00,partnership
E09-011,2025-12-06T00:21:41+04:00,partnership
E22-008,2026-03-06T06:14:35+04:00,support
E11-007,2025-12-17T07:18:12+04:00,spam
E42-017,2026-07-26T13:05:59+04:00,spam
E09-001,2025-12-03T07:03:22+04:00,support
E30-039,2026-05-02T02:50:23+04:00,sales
E49-023,2026-09-09T20:49:53+04:00,sales
E17-029,2026-02-01T06:41:19+04:00,partnership
E28-036,2026-04-16T11:50:25+04:00,sales
E40-031,2026-07-11T23:38:25+04:00,support
E37-021,2026-06-17T23:57:49+04:00,complaint
E37-002,2026-06-17T19:38:49+04:00,complaint
E21-030,2026-02-27T06:33:41+04:00,spam
E40-027,2026-07-08T09:10:02+04:00,support
E27-015,2026-04-06T09:49:55+04:00,support
E40-006,2026-07-12T06:26:09+04:00,sales
E44-013,2026-08-04T23:10:20+04:00,sales
E47-032,2026-08-30T21:10:28+04:00,spam
E07-000,2025-11-17T01:06:40+04:00,sales
E28-011,2026-04-14T07:23:26+04:00,complaint
E25-016,2026-03-25T22:04:08+04:00,partnership
E10-007,2025-12-12T02:16:17+04:00,spam
E15-023,2026-01-17T23:48:15+04:00,sales
E38-028,2026-06-28T01:54:05+04:00,spam
E10-024,2025-12-08T07:40:45+04:00,support
E22-013,2026-03-07T17:29:48+04:00,sales
E06-024,2025-11-11T10:46:40+04:00,complaint
E04-022,2025-10-27T22:08:30+04:00,sales
E44-027,2026-08-07T09:47:08+04:00,sales
E19-007,2026-02-13T16:33:25+04:00,sales
E30-024,2026-05-02T03:40:17+04:00,spam
E45-021,2026-08-14T01:04:57+04:00,complaint
E24-015,2026-03-20T10:16:55+04:00,sales
E01-002,2025-10-07T19:12:19+04:00,support
E19-011,2026-02-10T06:23:00+04:00,sales
E12-033,2025-12-26T16:51:21+04:00,sales
E14-017,2026-01-10T18:38:55+04:00,support
E32-001,2026-05-11T11:21:24+04:00,complaint
E04-029,2025-10-31T14:42:15+04:00,support
E07-007,2025-11-22T17:10:21+04:00,partnership
E09-005,2025-12-04T20:00:46+04:00,complaint
E10-020,2025-12-08T23:19:13+04:00,complaint
E37-004,2026-06-19T17:48:08+04:00,sales
E44-033,2026-08-07T05:22:18+04:00,support
E15-011,2026-01-18T02:51:27+04:00,spam
E10-023,2025-12-13T17:49:31+04:00,spam
E47-035,2026-08-28T22:42:34+04:00,sales
E47-020,2026-08-24T03:33:17+04:00,spam
E02-002,2025-10-14T17:11:38+04:00,support
E28-038,2026-04-15T01:19:05+04:00,sales
E21-023,2026-02-23T00:01:29+04:00,support
E30-031,2026-05-01T19:58:42+04:00,spam
E40-034,2026-07-07T15:54:10+04:00,sales
E14-008,2026-01-10T00:55:20+04:00,sales
E09-000,2025-12-07T14:22:23+04:00,complaint
E13-016,2025-12-29T23:19:12+04:00,spam
E45-002,2026-08-14T14:45:20+04:00,spam
E03-005,2025-10-24T01:00:18+04:00,sales
E24-001,2026-03-21T02:18:24+04:00,sales
E44-009,2026-08-03T21:49:49+04:00,sales
E25-009,2026-03-27T16:18:25+04:00,spam
E42-000,2026-07-21T05:35:51+04:00,complaint
E08-027,2025-11-27T13:02:46+04:00,spam
E18-030,2026-02-07T16:08:26+04:00,complaint
E13-031,2026-01-01T16:34:01+04:00,complaint
E38-006,2026-06-25T02:18:59+04:00,support
E09-010,2025-12-05T19:46:00+04:00,complaint
E12-017,2025-12-28T11:14:10+04:00,sales
E41-014,2026-07-18T12:42:41+04:00,support
E49-037,2026-09-10T01:14:00+04:00,support
E23-028,2026-03-11T19:26:58+04:00,spam
E17-000,2026-01-26T14:41:11+04:00,sales
E34-006,2026-05-29T00:20:17+04:00,spam
E28-022,2026-04-18T07:44:51+04:00,support
E11-031,2025-12-21T07:18:39+04:00,spam
E41-020,2026-07-15T05:25:12+04:00,support
E06-005,2025-11-10T08:33:02+04:00,partnership
E25-020,2026-03-26T05:21:19+04:00,support
E05-014,2025-11-08T09:16:52+04:00,partnership
E25-004,2026-03-26T19:16:20+04:00,support
E05-004,2025-11-05T02:27:29+04:00,complaint
E49-033,2026-09-12T17:55:28+04:00,complaint
E18-041,2026-02-04T05:39:54+04:00,sales
E29-005,2026-04-25T01:15:25+04:00,sales
E50-004,2026-09-15T10:43:37+04:00,spam
E36-002,2026-06-08T04:56:19+04:00,support
E17-011,2026-01-30T09:56:45+04:00,sales
E32-008,2026-05-12T07:51:45+04:00,support
E35-016,2026-06-07T21:05:15+04:00,spam
E06-017,2025-11-15T17:24:41+04:00,sales
E33-012,2026-05-21T23:49:01+04:00,sales
E49-005,2026-09-08T20:29:47+04:00,spam
E43-007,2026-07-28T17:42:49+04:00,sales
E12-019,2025-12-23T18:23:11+04:00,sales
E18-010,2026-02-03T12:41:41+04:00,spam
E40-001,2026-07-10T16:01:03+04:00,complaint
E30-022,2026-04-28T14:53:32+04:00,partnership
E50-018,2026-09-16T02:17:30+04:00,support
E30-016,2026-05-02T17:07:50+04:00,support
E20-000,2026-02-20T15:06:56+04:00,partnership
E23-032,2026-03-15T08:25:06+04:00,support
E25-002,2026-03-24T06:26:52+04:00,sales
E44-006,2026-08-06T17:24:15+04:00,support
E11-023,2025-12-17T12:47:57+04:00,sales
E04-003,2025-10-31T00:29:22+04:00,complaint
E12-043,2025-12-27T04:32:04+04:00,spam
E29-008,2026-04-22T06:39:50+04:00,support
E16-012,2026-01-24T12:09:07+04:00,support
E23-026,2026-03-09T22:56:18+04:00,complaint
E01-009,2025-10-07T09:19:31+04:00,partnership
E00-017,2025-09-29T15:36:53+04:00,complaint
E11-020,2025-12-18T02:32:51+04:00,complaint
E11-039,2025-12-20T13:36:43+04:00,support
E46-017,2026-08-17T13:47:45+04:00,complaint
E10-025,2025-12-14T08:37:15+04:00,partnership
E15-004,2026-01-14T22:26:09+04:00,partnership
E08-010,2025-11-30T01:11:09+04:00,sales
E29-002,2026-04-22T13:20:48+04:00,support
E37-018,2026-06-16T18:21:05+04:00,spam
E34-013,2026-05-28T18:13:05+04:00,complaint
E50-001,2026-09-14T22:13:35+04:00,support
E12-024,2025-12-24T06:44:22+04:00,sales
E08-008,2025-11-29T09:22:45+04:00,sales
E49-012,2026-09-09T05:37:56+04:00,sales
E21-013,2026-02-25T04:24:38+04:00,sales
E38-000,2026-06-22T10:34:16+04:00,spam
E44-021,2026-08-04T07:10:39+04:00,support
E49-034,2026-09-11T16:27:52+04:00,complaint
E43-016,2026-08-01T17:22:52+04:00,sales
E13-028,2026-01-03T02:37:47+04:00,partnership
E47-028,2026-08-28T02:06:11+04:00,spam
E39-000,2026-06-30T04:43:06+04:00,spam
E18-011,2026-02-05T02:38:55+04:00,complaint
E34-022,2026-05-27T16:56:45+04:00,sales
E10-000,2025-12-14T12:49:53+04:00,complaint
E15-020,2026-01-18T00:25:00+04:00,support
E16-006,2026-01-21T01:09:13+04:00,sales
E39-015,2026-07-03T22:03:26+04:00,complaint
E40-037,2026-07-06T21:08:50+04:00,support
E15-035,2026-01-16T18:59:49+04:00,sales
E40-004,2026-07-10T12:00:47+04:00,sales
E18-037,2026-02-04T19:04:19+04:00,complaint
E21-005,2026-02-23T05:45:05+04:00,sales
E15-017,2026-01-14T18:16:47+04:00,sales
E35-022,2026-06-03T09:25:07+04:00,spam
E13-027,2026-01-04T23:10:46+04:00,spam
E21-000,2026-02-25T04:44:53+04:00,partnership
E50-025,2026-09-18T13:46:31+04:00,support
E08-012,2025-11-24T05:10:32+04:00,spam
E13-014,2026-01-02T11:21:22+04:00,support
E18-017,2026-02-06T08:12:01+04:00,support
E47-017,2026-08-24T19:09:17+04:00,complaint
E30-014,2026-05-01T13:00:37+04:00,spam
E25-007,2026-03-24T06:46:33+04:00,spam
E06-010,2025-11-14T08:53:37+04:00,support
E17-020,2026-01-28T23:29:34+04:00,support
E28-037,2026-04-18T07:50:37+04:00,sales
E16-014,2026-01-21T11:10:13+04:00,sales
E10-019,2025-12-10T20:20:24+04:00,sales
E45-010,2026-08-14T18:12:31+04:00,sales
E38-017,2026-06-24T08:54:36+04:00,sales
E20-032,2026-02-18T07:13:57+04:00,sales
E50-007,2026-09-20T17:00:51+04:00,spam
E40-023,2026-07-09T07:12:31+04:00,sales
E20-029,2026-02-21T20:03:21+04:00,support
E46-012,2026-08-18T03:04:15+04:00,support
E45-016,2026-08-15T03:21:35+04:00,partnership
E50-026,2026-09-17T03:55:35+04:00,complaint
E46-018,2026-08-20T08:29:48+04:00,partnership
E48-006,2026-09-01T13:02:50+04:00,support
E01-004,2025-10-12T15:43:13+04:00,complaint
E41-012,2026-07-14T01:44:32+04:00,spam
E12-031,2025-12-27T16:32:14+04:00,sales
E28-029,2026-04-17T15:52:04+04:00,sales
E40-011,2026-07-08T23:09:21+04:00,sales
E43-008,2026-07-27T02:03:48+04:00,spam
E10-005,2025-12-13T15:04:39+04:00,complaint
E39-008,2026-07-04T05:52:40+04:00,support
E35-011,2026-06-06T17:43:00+04:00,spam
E11-025,2025-12-15T17:40:48+04:00,support
E40-035,2026-07-06T12:46:48+04:00,sales
E23-018,2026-03-12T19:35:48+04:00,support
E23-025,2026-03-10T20:08:18+04:00,sales
E25-008,2026-03-25T15:43:32+04:00,spam
E11-036,2025-12-21T18:34:13+04:00,complaint
E45-008,2026-08-15T03:20:45+04:00,partnership
E14-003,2026-01-11T23:45:45+04:00,support
E43-003,2026-07-29T02:21:11+04:00,support
E33-007,2026-05-24T22:59:55+04:00,spam
E45-000,2026-08-15T17:51:05+04:00,support
E50-029,2026-09-14T00:26:20+04:00,spam
E46-006,2026-08-23T03:56:36+04:00,spam
E19-027,2026-02-15T23:30:27+04:00,sales
E38-024,2026-06-24T06:24:41+04:00,support
E32-004,2026-05-16T00:50:29+04:00,support
E26-007,2026-04-02T06:41:38+04:00,sales
E33-015,2026-05-21T01:50:28+04:00,spam
E12-032,2025-12-26T12:55:24+04:00,partnership
E18-005,2026-02-02T07:33:53+04:00,support
E36-003,2026-06-11T23:06:39+04:00,sales
E37-017,2026-06-16T12:58:42+04:00,sales
E00-003,2025-10-02T14:17:16+04:00,spam
E29-000,2026-04-24T12:08:07+04:00,complaint
E41-011,2026-07-17T19:52:35+04:00,support
E33-018,2026-05-18T13:55:21+04:00,sales
E15-030,2026-01-17T18:33:03+04:00,spam
E32-007,2026-05-13T04:53:56+04:00,spam
E23-027,2026-03-10T03:10:22+04:00,spam
E27-006,2026-04-11T21:37:05+04:00,partnership
E21-021,2026-02-27T09:53:39+04:00,support
E28-025,2026-04-18T23:40:55+04:00,sales
E21-018,2026-02-26T02:47:12+04:00,sales
E40-013,2026-07-12T23:18:36+04:00,spam
E13-029,2026-01-01T13:48:49+04:00,support
E50-019,2026-09-19T23:22:20+04:00,sales
E39-027,2026-07-03T10:49:43+04:00,sales
E11-028,2025-12-18T05:25:27+04:00,spam
E47-039,2026-08-30T15:28:13+04:00,complaint
E30-015,2026-04-28T22:24:29+04:00,sales
E47-033,2026-08-24T13:18:44+04:00,support
E32-005,2026-05-16T02:06:44+04:00,spam
E10-022,2025-12-08T18:34:51+04:00,sales
E20-016,2026-02-21T20:09:04+04:00,sales
E28-026,2026-04-19T20:18:54+04:00,support
E20-011,2026-02-18T09:32:11+04:00,support
E36-013,2026-06-08T19:46:32+04:00,support
E19-025,2026-02-11T11:54:27+04:00,sales
E45-014,2026-08-11T10:20:41+04:00,sales
E30-036,2026-04-29T04:23:33+04:00,support
E27-004,2026-04-06T15:43:40+04:00,support
E19-008,2026-02-10T07:38:35+04:00,sales
E33-004,2026-05-23T02:52:00+04:00,support
E03-015,2025-10-23T17:37:03+04:00,spam
E28-016,2026-04-18T18:58:01+04:00,sales
E11-001,2025-12-21T03:22:15+04:00,support
E36-008,2026-06-08T10:03:31+04:00,sales
E47-012,2026-08-25T13:36:48+04:00,partnership
E22-011,2026-03-02T00:09:21+04:00,sales
E11-021,2025-12-17T16:17:24+04:00,sales
E29-029,2026-04-22T15:02:37+04:00,partnership
E28-004,2026-04-14T14:33:28+04:00,spam
E34-016,2026-05-30T00:28:52+04:00,support
E20-020,2026-02-21T06:14:44+04:00,support
E31-002,2026-05-09T05:50:00+04:00,sales
E41-005,2026-07-14T03:57:27+04:00,support
E36-017,2026-06-12T02:29:44+04:00,spam
E21-036,2026-03-01T16:48:08+04:00,spam
E37-015,2026-06-21T13:41:42+04:00,complaint
E50-008,2026-09-14T14:33:45+04:00,support
E19-014,2026-02-11T09:57:45+04:00,sales
E18-016,2026-02-07T06:56:59+04:00,sales
E29-013,2026-04-26T18:51:57+04:00,support
E27-007,2026-04-08T11:17:22+04:00,sales
E12-022,2025-12-25T16:21:23+04:00,spam
E47-007,2026-08-27T03:37:21+04:00,spam
E03-007,2025-10-26T06:09:06+04:00,support
E15-024,2026-01-15T10:36:28+04:00,sales
E47-004,2026-08-25T08:19:45+04:00,sales
E02-007,2025-10-16T23:40:32+04:00,complaint
E36-019,2026-06-13T23:26:17+04:00,partnership
E11-027,2025-12-15T16:58:52+04:00,spam
E24-009,2026-03-22T15:10:28+04:00,spam
E27-021,2026-04-10T14:29:13+04:00,sales
E15-018,2026-01-15T19:32:26+04:00,support
E46-000,2026-08-18T10:04:15+04:00,sales
E44-004,2026-08-07T08:34:15+04:00,sales
E23-007,2026-03-09T03:11:50+04:00,sales
E42-003,2026-07-26T01:32:09+04:00,spam
E18-028,2026-02-06T03:29:03+04:00,partnership
E40-007,2026-07-10T21:35:25+04:00,partnership
E43-024,2026-08-02T22:22:46+04:00,sales
E17-004,2026-01-26T12:13:28+04:00,spam
E08-002,2025-11-24T21:48:21+04:00,spam
E47-013,2026-08-30T16:24:57+04:00,support
E47-034,2026-08-24T20:34:54+04:00,support
E05-007,2025-11-08T11:21:48+04:00,support
E45-022,2026-08-14T07:07:20+04:00,partnership
E11-010,2025-12-18T21:57:50+04:00,complaint
E12-044,2025-12-22T12:10:58+04:00,support
E14-002,2026-01-09T21:05:36+04:00,support
E04-019,2025-10-27T22:50:37+04:00,partnership
E28-035,2026-04-16T10:57:04+04:00,sales
E33-024,2026-05-19T01:53:06+04:00,spam
E29-009,2026-04-21T03:20:06+04:00,sales
E15-031,2026-01-16T11:01:30+04:00,spam
E29-011,2026-04-25T16:31:01+04:00,sales
E47-011,2026-08-29T09:00:58+04:00,sales
E10-026,2025-12-09T00:14:55+04:00,partnership
E43-022,2026-07-30T05:22:13+04:00,complaint
E41-009,2026-07-13T16:07:57+04:00,spam
E42-006,2026-07-21T23:02:00+04:00,sales
E33-002,2026-05-19T10:12:59+04:00,complaint
E08-030,2025-11-29T23:25:42+04:00,spam
E31-011,2026-05-06T13:15:07+04:00,spam
E09-013,2025-12-05T11:49:56+04:00,support
E06-019,2025-11-10T10:18:01+04:00,sales
E30-019,2026-05-02T14:59:58+04:00,complaint
E38-020,2026-06-24T04:03:32+04:00,sales
E43-021,2026-07-31T09:47:09+04:00,sales
E30-037,2026-04-30T11:00:06+04:00,support
E37-022,2026-06-20T00:26:35+04:00,complaint
E08-024,2025-11-25T09:12:42+04:00,partnership
E07-016,2025-11-18T04:10:00+04:00,partnership
E41-029,2026-07-13T01:26:39+04:00,spam
E43-014,2026-08-01T14:54:45+04:00,partnership
E12-020,2025-12-25T20:49:28+04:00,partnership
E20-005,2026-02-17T17:13:27+04:00,sales
E39-025,2026-06-29T00:36:28+04:00,spam
E29-021,2026-04-21T20:23:45+04:00,sales
E27-013,2026-04-11T12:10:04+04:00,complaint
E18-031,2026-02-06T00:27:11+04:00,complaint
E09-008,2025-12-07T12:09:06+04:00,sales
E11-016,2025-12-20T21:22:27+04:00,sales
E14-004,2026-01-08T21:40:11+04:00,support
E47-008,2026-08-28T02:58:09+04:00,support
E44-017,2026-08-04T00:52:00+04:00,support
E17-014,2026-01-31T01:05:45+04:00,support
E42-008,2026-07-26T12:11:32+04:00,spam
E15-014,2026-01-13T07:15:37+04:00,support
E05-001,2025-11-09T23:25:27+04:00,complaint
E21-022,2026-02-25T01:58:58+04:00,spam
E11-015,2025-12-15T09:06:32+04:00,sales
E43-015,2026-08-02T11:06:20+04:00,support
E47-038,2026-08-28T19:51:46+04:00,complaint
E47-021,2026-08-25T10:31:14+04:00,sales
E17-026,2026-01-30T09:22:27+04:00,partnership
E29-001,2026-04-23T01:10:43+04:00,support
E06-016,2025-11-10T03:34:44+04:00,sales
E18-034,2026-02-03T23:16:02+04:00,support
E44-035,2026-08-05T23:40:51+04:00,spam
E15-015,2026-01-16T07:20:58+04:00,sales
E37-029,2026-06-17T17:27:17+04:00,support
E37-023,2026-06-19T09:21:33+04:00,spam
E28-000,2026-04-18T16:51:24+04:00,complaint
E48-009,2026-09-01T14:03:08+04:00,sales
E34-020,2026-05-29T19:11:18+04:00,complaint
E04-006,2025-11-02T21:05:16+04:00,sales
E35-015,2026-06-01T05:47:01+04:00,sales
E17-003,2026-01-27T05:40:16+04:00,spam
E11-033,2025-12-17T07:11:03+04:00,support
E40-009,2026-07-07T07:12:02+04:00,spam
E48-011,2026-08-31T13:41:59+04:00,support
E08-001,2025-11-30T00:25:20+04:00,spam
E49-018,2026-09-12T19:27:26+04:00,spam
E46-013,2026-08-19T20:30:58+04:00,sales
E08-025,2025-11-26T16:35:18+04:00,sales
E13-021,2025-12-29T22:44:34+04:00,sales
E40-017,2026-07-06T05:42:00+04:00,sales
E09-009,2025-12-05T10:30:05+04:00,support
E27-023,2026-04-09T16:52:50+04:00,support
E04-004,2025-10-28T03:46:34+04:00,complaint
E40-015,2026-07-12T00:46:20+04:00,spam
E03-012,2025-10-26T19:57:48+04:00,support
E33-010,2026-05-18T07:28:06+04:00,complaint
E30-041,2026-04-28T07:00:00+04:00,complaint
E00-019,2025-09-30T00:48:38+04:00,spam
E40-008,2026-07-12T21:11:46+04:00,sales
E22-007,2026-03-05T06:25:24+04:00,support
E35-013,2026-06-05T09:33:07+04:00,partnership
E17-017,2026-02-01T03:05:54+04:00,support
E42-016,2026-07-22T19:28:00+04:00,spam
E08-009,2025-11-29T10:31:05+04:00,spam
E35-008,2026-06-02T18:42:49+04:00,spam
E28-008,2026-04-15T22:19:22+04:00,complaint
E38-025,2026-06-22T02:32:51+04:00,sales
E47-036,2026-08-30T21:50:53+04:00,spam
E02-014,2025-10-14T16:04:07+04:00,sales
E38-011,2026-06-22T19:27:02+04:00,sales
E10-029,2025-12-11T00:03:34+04:00,support
E00-000,2025-10-02T08:32:10+04:00,partnership
E30-027,2026-04-27T07:50:02+04:00,complaint
E15-005,2026-01-12T19:54:16+04:00,support
E33-009,2026-05-23T05:46:12+04:00,spam
E02-001,2025-10-14T19:47:57+04:00,sales
E33-021,2026-05-24T15:24:22+04:00,sales
E35-006,2026-06-04T09:54:55+04:00,complaint
E34-023,2026-05-26T09:18:56+04:00,sales
E39-028,2026-07-03T08:03:24+04:00,complaint
E43-011,2026-08-02T07:20:30+04:00,spam
E21-002,2026-02-24T12:28:39+04:00,sales
E35-012,2026-06-03T01:38:58+04:00,support
E00-011,2025-10-04T16:43:18+04:00,complaint
E20-027,2026-02-21T15:02:53+04:00,sales
E07-018,2025-11-22T00:34:56+04:00,spam
E20-006,2026-02-17T12:34:20+04:00,spam
E20-002,2026-02-16T01:45:36+04:00,support
E44-031,2026-08-06T17:47:13+04:00,support
E04-007,2025-10-27T13:33:43+04:00,support
E45-026,2026-08-15T02:48:33+04:00,spam
E35-005,2026-06-07T16:52:30+04:00,sales
E35-002,2026-06-02T20:16:41+04:00,sales
E07-012,2025-11-17T12:59:44+04:00,sales
E44-023,2026-08-04T22:11:42+04:00,spam
E36-014,2026-06-09T05:47:00+04:00,sales
E22-006,2026-03-02T15:02:44+04:00,support
E28-012,2026-04-13T13:10:35+04:00,spam
E28-030,2026-04-15T03:58:02+04:00,support
E27-016,2026-04-10T15:53:58+04:00,sales
E08-013,2025-11-29T00:06:08+04:00,sales
E15-007,2026-01-14T07:47:32+04:00,support
E49-010,2026-09-08T20:50:47+04:00,sales
E27-005,2026-04-10T23:39:50+04:00,support
E45-001,2026-08-12T04:22:45+04:00,complaint
E11-035,2025-12-17T04:06:28+04:00,complaint
E25-014,2026-03-24T05:43:42+04:00,spam
E15-001,2026-01-15T08:47:29+04:00,sales
E21-032,2026-02-24T04:50:18+04:00,sales
E23-009,2026-03-11T10:45:24+04:00,sales
E44-002,2026-08-08T12:09:34+04:00,sales
E36-011,2026-06-14T05:02:45+04:00,sales
E18-039,2026-02-06T00:33:38+04:00,sales
E29-028,2026-04-20T00:46:40+04:00,sales
E00-008,2025-09-30T12:46:53+04:00,sales
E13-000,2026-01-03T07:12:29+04:00,spam
E08-007,2025-11-26T20:26:55+04:00,support
E26-012,2026-03-31T11:22:21+04:00,spam
E38-016,2026-06-24T00:54:43+04:00,spam
E19-019,2026-02-09T03:13:03+04:00,support
E49-029,2026-09-11T16:14:46+04:00,sales
E14-005,2026-01-07T14:06:29+04:00,spam
E47-018,2026-08-28T18:22:24+04:00,sales
E04-000,2025-10-27T02:45:09+04:00,sales
E13-024,2026-01-02T04:03:54+04:00,complaint
E30-033,2026-04-29T06:45:01+04:00,sales
E21-034,2026-02-25T06:46:49+04:00,sales
E09-006,2025-12-02T07:02:40+04:00,support
E11-040,2025-12-20T04:23:40+04:00,partnership
E13-013,2026-01-04T21:29:08+04:00,spam
E07-011,2025-11-21T11:35:45+04:00,spam
E20-017,2026-02-20T08:44:08+04:00,sales
E48-003,2026-09-01T19:28:38+04:00,spam
E05-016,2025-11-05T16:14:01+04:00,complaint
E30-043,2026-04-28T05:32:10+04:00,support
E14-011,2026-01-05T11:51:15+04:00,sales
E11-000,2025-12-19T10:55:45+04:00,sales
E30-029,2026-05-01T11:31:03+04:00,partnership
E43-006,2026-07-28T12:47:10+04:00,spam
E07-015,2025-11-18T20:01:11+04:00,complaint
E35-020,2026-06-05T18:38:56+04:00,complaint
E44-029,2026-08-09T20:24:05+04:00,spam
E17-018,2026-01-29T05:28:57+04:00,sales
E25-005,2026-03-26T18:49:32+04:00,partnership
E15-033,2026-01-16T19:27:03+04:00,complaint
E39-003,2026-07-03T00:28:22+04:00,support
E12-015,2025-12-28T20:31:22+04:00,complaint
E07-014,2025-11-20T06:13:27+04:00,sales
E19-005,2026-02-13T15:04:01+04:00,spam
E26-013,2026-04-05T04:47:14+04:00,partnership
E08-016,2025-11-27T16:43:14+04:00,partnership
E18-036,2026-02-02T01:04:36+04:00,support
E44-008,2026-08-03T07:52:35+04:00,sales
E26-009,2026-03-31T04:22:10+04:00,support
E13-009,2025-12-31T20:57:30+04:00,complaint
E18-008,2026-02-02T19:40:25+04:00,sales
E50-027,2026-09-18T15:24:40+04:00,complaint
E48-014,2026-09-02T19:13:40+04:00,support
E39-006,2026-06-29T19:19:02+04:00,spam
E45-018,2026-08-16T16:44:14+04:00,sales
E11-009,2025-12-16T20:53:38+04:00,partnership
E46-007,2026-08-23T18:33:39+04:00,spam
E43-017,2026-07-28T01:22:02+04:00,support
E23-011,2026-03-10T00:46:10+04:00,sales
E34-003,2026-05-29T15:06:59+04:00,sales
E44-020,2026-08-06T09:57:48+04:00,sales
E44-003,2026-08-06T08:14:02+04:00,sales
E12-035,2025-12-24T17:54:24+04:00,sales
E07-008,2025-11-20T05:11:17+04:00,support
E50-021,2026-09-20T18:24:00+04:00,sales
E21-014,2026-02-28T10:15:57+04:00,sales
E40-033,2026-07-06T22:12:53+04:00,sales
E38-018,2026-06-22T22:26:30+04:00,complaint
E47-014,2026-08-28T07:04:14+04:00,sales
E15-026,2026-01-17T09:18:41+04:00,complaint
E19-022,2026-02-14T01:52:18+04:00,sales
E32-006,2026-05-17T07:03:11+04:00,sales
E41-008,2026-07-15T08:11:50+04:00,spam
E07-013,2025-11-22T15:27:28+04:00,sales
E26-032,2026-03-30T06:18:29+04:00,support
E10-001,2025-12-11T10:53:53+04:00,sales
E50-017,2026-09-15T07:51:45+04:00,complaint
E08-023,2025-11-28T09:49:01+04:00,partnership
E20-007,2026-02-22T15:51:47+04:00,sales
E13-033,2026-01-03T17:49:04+04:00,sales
E21-031,2026-03-01T04:43:12+04:00,complaint
E44-005,2026-08-09T13:10:52+04:00,support
E15-027,2026-01-16T22:37:46+04:00,sales
E02-003,2025-10-16T18:21:41+04:00,spam
E17-033,2026-01-30T18:32:49+04:00,support
E39-013,2026-07-04T23:15:53+04:00,spam
E19-006,2026-02-13T17:46:51+04:00,sales
E29-015,2026-04-22T08:06:38+04:00,complaint
E11-037,2025-12-16T06:43:59+04:00,support
E34-017,2026-05-27T07:11:41+04:00,support
E26-010,2026-04-05T20:41:50+04:00,spam
E08-004,2025-11-27T09:01:08+04:00,sales
E20-023,2026-02-17T00:14:35+04:00,support
E05-000,2025-11-08T01:49:15+04:00,support
E28-010,2026-04-17T02:03:13+04:00,support
E19-003,2026-02-13T00:11:32+04:00,spam
E24-012,2026-03-16T08:36:30+04:00,sales
E49-022,2026-09-12T23:14:24+04:00,support
E36-001,2026-06-09T13:26:19+04:00,sales
E28-017,2026-04-15T05:26:02+04:00,partnership
E43-018,2026-07-29T03:32:16+04:00,complaint
E45-015,2026-08-11T01:45:32+04:00,sales
E25-003,2026-03-29T09:41:15+04:00,support
E38-022,2026-06-26T11:27:31+04:00,complaint
E19-009,2026-02-14T11:31:09+04:00,support
E44-037,2026-08-06T01:08:16+04:00,sales
E32-002,2026-05-13T13:06:58+04:00,sales
E43-010,2026-07-27T02:21:49+04:00,sales
E06-003,2025-11-13T06:16:59+04:00,partnership
E41-016,2026-07-15T03:07:13+04:00,sales
E44-038,2026-08-03T00:47:44+04:00,support
E24-004,2026-03-18T04:22:20+04:00,spam
E40-032,2026-07-12T19:49:16+04:00,sales
E34-005,2026-05-25T01:22:48+04:00,spam
E21-001,2026-02-28T06:18:41+04:00,support
E17-006,2026-01-28T11:49:23+04:00,complaint
E10-028,2025-12-12T17:33:03+04:00,sales
E06-012,2025-11-11T21:49:11+04:00,sales
E21-035,2026-02-25T14:41:07+04:00,sales
E17-001,2026-01-31T07:31:34+04:00,spam
E47-019,2026-08-26T14:58:55+04:00,sales
E17-025,2026-02-01T06:20:28+04:00,spam
E16-002,2026-01-25T22:08:17+04:00,spam
E18-022,2026-02-03T18:07:04+04:00,support
E02-011,2025-10-15T04:30:19+04:00,support
E23-012,2026-03-15T20:30:32+04:00,spam
E10-004,2025-12-12T14:59:41+04:00,spam
E11-034,2025-12-18T00:27:26+04:00,sales
E04-025,2025-10-30T07:36:44+04:00,sales
E49-000,2026-09-10T03:13:36+04:00,sales
E49-026,2026-09-08T11:32:32+04:00,spam
E31-000,2026-05-10T04:24:59+04:00,support
E06-011,2025-11-16T21:07:03+04:00,sales
E27-014,2026-04-06T06:12:03+04:00,spam
E25-015,2026-03-24T07:12:59+04:00,sales
E08-034,2025-11-26T07:30:36+04:00,sales
E11-005,2025-12-15T18:26:58+04:00,support
E04-014,2025-10-30T15:10:14+04:00,spam
E42-012,2026-07-26T15:04:13+04:00,sales
E39-012,2026-07-04T21:42:33+04:00,support
E13-005,2026-01-04T16:47:46+04:00,support
E45-004,2026-08-11T02:39:08+04:00,complaint
E09-020,2025-12-07T04:03:56+04:00,sales
E24-002,2026-03-19T19:20:17+04:00,support
E13-004,2026-01-03T12:21:07+04:00,complaint
E03-000,2025-10-24T02:45:56+04:00,support
E04-026,2025-11-01T11:13:56+04:00,partnership
E25-000,2026-03-25T14:57:14+04:00,sales
E07-009,2025-11-23T14:29:17+04:00,sales
E40-025,2026-07-12T20:37:51+04:00,complaint
E02-023,2025-10-13T12:43:34+04:00,partnership
E49-030,2026-09-07T16:41:56+04:00,sales
E06-009,2025-11-16T00:30:48+04:00,complaint
E41-007,2026-07-13T05:14:01+04:00,support
E34-002,2026-05-25T04:32:30+04:00,complaint
E40-024,2026-07-10T21:04:38+04:00,complaint
E41-017,2026-07-16T01:59:26+04:00,partnership
E49-020,2026-09-08T09:25:13+04:00,sales
E07-001,2025-11-20T13:47:37+04:00,support
E45-025,2026-08-10T13:09:21+04:00,sales
E20-003,2026-02-21T23:12:04+04:00,sales
E00-004,2025-10-01T04:15:58+04:00,sales
E34-014,2026-05-28T07:24:17+04:00,sales
E31-001,2026-05-05T23:30:55+04:00,support
E27-008,2026-04-12T07:45:02+04:00,spam
E28-028,2026-04-18T04:16:56+04:00,complaint
E16-009,2026-01-23T11:09:52+04:00,sales
E05-011,2025-11-09T03:13:10+04:00,spam
E15-021,2026-01-15T11:57:54+04:00,partnership
E21-017,2026-02-24T22:57:21+04:00,sales
E01-005,2025-10-10T14:56:47+04:00,partnership
E24-013,2026-03-22T06:52:37+04:00,support
E49-032,2026-09-09T18:46:14+04:00,complaint
E04-023,2025-10-31T19:32:53+04:00,support
E43-004,2026-07-28T06:50:03+04:00,partnership
E10-018,2025-12-08T06:43:43+04:00,sales
E14-012,2026-01-09T13:33:21+04:00,sales
E21-026,2026-02-26T13:27:28+04:00,spam
E18-013,2026-02-07T09:30:22+04:00,partnership
E30-003,2026-04-27T15:40:13+04:00,complaint
E23-013,2026-03-14T20:55:08+04:00,sales
E06-023,2025-11-10T22:41:10+04:00,sales
E12-013,2025-12-27T05:15:55+04:00,spam
E17-013,2026-01-28T10:48:17+04:00,sales
E48-008,2026-09-02T08:29:45+04:00,sales
E49-009,2026-09-10T13:03:42+04:00,partnership
E50-022,2026-09-15T23:38:14+04:00,support
E06-000,2025-11-16T08:20:10+04:00,spam
E14-014,2026-01-05T23:30:43+04:00,spam
E25-017,2026-03-28T14:13:52+04:00,sales
E09-022,2025-12-01T15:09:41+04:00,spam
E37-010,2026-06-17T22:58:32+04:00,support
E17-022,2026-01-28T18:27:46+04:00,support
E46-014,2026-08-20T12:16:59+04:00,spam
E09-019,2025-12-02T23:07:34+04:00,partnership
E24-014,2026-03-17T20:22:26+04:00,support
E47-000,2026-08-30T20:49:38+04:00,partnership
E16-007,2026-01-24T04:55:37+04:00,sales
E14-009,2026-01-09T11:44:56+04:00,sales
E49-016,2026-09-07T14:21:44+04:00,sales
E34-018,2026-05-30T22:12:12+04:00,spam
E20-019,2026-02-21T03:07:10+04:00,support
E04-018,2025-10-28T16:45:48+04:00,support
E28-015,2026-04-18T06:54:14+04:00,complaint
E21-019,2026-02-23T10:11:45+04:00,spam
E12-037,2025-12-27T00:18:28+04:00,spam
E39-020,2026-06-29T23:58:28+04:00,sales
E45-007,2026-08-13T06:45:51+04:00,spam
E47-006,2026-08-28T05:04:41+04:00,spam
E19-030,2026-02-09T02:10:04+04:00,sales
E44-007,2026-08-04T13:57:44+04:00,partnership
E22-001,2026-03-06T14:47:08+04:00,spam
E48-001,2026-09-02T12:32:34+04:00,sales
E39-014,2026-07-03T19:26:37+04:00,spam
E38-021,2026-06-27T14:43:25+04:00,support
E20-028,2026-02-19T10:29:43+04:00,support
E08-006,2025-11-28T14:17:10+04:00,complaint
E13-035,2026-01-01T12:58:45+04:00,sales
E00-015,2025-09-29T19:01:57+04:00,sales
E31-014,2026-05-06T02:02:01+04:00,partnership
E40-002,2026-07-12T16:42:28+04:00,sales
E07-002,2025-11-22T19:54:20+04:00,spam
E11-012,2025-12-21T08:23:35+04:00,sales
E45-006,2026-08-16T04:48:35+04:00,spam
E20-021,2026-02-21T20:23:34+04:00,partnership
E47-030,2026-08-28T08:37:01+04:00,spam
E46-010,2026-08-18T00:21:12+04:00,sales
E17-021,2026-02-01T10:16:18+04:00,sales
E03-013,2025-10-20T04:50:45+04:00,sales
E08-022,2025-11-29T17:48:36+04:00,complaint
E14-015,2026-01-07T04:15:28+04:00,sales
E18-001,2026-02-06T23:44:37+04:00,complaint
E10-009,2025-12-08T20:46:49+04:00,support
E40-014,2026-07-12T10:21:00+04:00,partnership
E05-008,2025-11-07T08:34:39+04:00,complaint
E02-018,2025-10-19T09:21:48+04:00,spam
E37-026,2026-06-18T21:20:55+04:00,sales
E21-011,2026-02-25T12:25:41+04:00,partnership
E20-034,2026-02-20T13:00:37+04:00,partnership
E21-008,2026-03-01T07:08:27+04:00,support
E30-025,2026-05-03T11:34:20+04:00,complaint
E44-016,2026-08-03T17:55:06+04:00,sales
E39-004,2026-07-01T22:37:53+04:00,sales
E14-006,2026-01-07T02:31:13+04:00,partnership
E37-007,2026-06-18T05:26:43+04:00,sales
E26-026,2026-03-30T16:12:36+04:00,support
E12-028,2025-12-24T19:15:29+04:00,complaint
E27-022,2026-04-11T05:33:45+04:00,sales
E50-016,2026-09-16T03:54:19+04:00,complaint
E02-019,2025-10-17T02:05:23+04:00,sales
E20-012,2026-02-18T03:23:26+04:00,sales
E30-030,2026-05-03T02:03:34+04:00,support
E07-004,2025-11-20T12:59:46+04:00,sales
E04-010,2025-10-29T04:14:26+04:00,complaint
E11-004,2025-12-17T21:33:05+04:00,partnership
E47-029,2026-08-26T02:45:27+04:00,spam
E11-003,2025-12-19T10:02:40+04:00,spam
E45-011,2026-08-15T18:58:33+04:00,complaint
E29-012,2026-04-20T19:26:55+04:00,complaint
E05-017,2025-11-06T08:03:24+04:00,sales
E46-008,2026-08-22T20:03:24+04:00,spam
E09-021,2025-12-05T02:34:37+04:00,support
E22-005,2026-03-08T04:30:30+04:00,support
E19-002,2026-02-10T20:45:56+04:00,spam
E43-025,2026-07-30T22:47:22+04:00,spam
E26-021,2026-03-30T00:00:37+04:00,sales
E50-023,2026-09-17T12:15:12+04:00,sales
E37-000,2026-06-17T06:02:01+04:00,sales
E01-006,2025-10-12T10:32:09+04:00,spam
E40-021,2026-07-09T17:13:38+04:00,sales
E28-031,2026-04-13T12:12:51+04:00,spam
E00-007,2025-10-05T17:10:38+04:00,spam
E50-009,2026-09-14T21:32:05+04:00,complaint
E15-022,2026-01-12T11:49:41+04:00,complaint
E20-025,2026-02-17T20:30:21+04:00,complaint
E07-006,2025-11-20T17:48:51+04:00,spam
E32-012,2026-05-14T05:14:22+04:00,spam
E14-007,2026-01-06T11:10:10+04:00,support
E10-013,2025-12-12T19:11:04+04:00,complaint
E40-036,2026-07-11T00:06:30+04:00,sales
E41-023,2026-07-19T19:30:40+04:00,support
E07-005,2025-11-22T17:56:14+04:00,spam
E30-026,2026-05-02T22:13:49+04:00,sales
E08-017,2025-11-30T19:47:28+04:00,spam
E10-012,2025-12-11T05:54:25+04:00,complaint
E49-027,2026-09-10T22:21:35+04:00,complaint
E26-030,2026-04-04T07:54:21+04:00,sales
E08-018,2025-11-29T12:52:48+04:00,sales
E21-020,2026-02-24T12:19:35+04:00,sales
E08-033,2025-11-28T18:26:21+04:00,sales
E28-002,2026-04-18T05:39:36+04:00,spam
E24-006,2026-03-16T09:09:38+04:00,complaint
E11-019,2025-12-21T09:09:23+04:00,complaint
E47-015,2026-08-28T10:39:03+04:00,partnership
E41-000,2026-07-13T12:28:55+04:00,support
E19-018,2026-02-09T16:44:04+04:00,sales
E44-010,2026-08-04T21:29:16+04:00,spam
E18-009,2026-02-04T08:23:39+04:00,complaint
E20-013,2026-02-19T16:17:04+04:00,complaint
E15-000,2026-01-13T02:26:29+04:00,support
E30-005,2026-04-28T17:12:12+04:00,partnership
E49-017,2026-09-09T22:33:30+04:00,spam
E03-004,2025-10-20T13:11:44+04:00,support
E23-002,2026-03-11T08:43:09+04:00,complaint
E19-031,2026-02-14T09:49:43+04:00,spam
E23-021,2026-03-15T02:40:40+04:00,support
E16-013,2026-01-24T23:55:52+04:00,spam
E09-017,2025-12-02T10:41:10+04:00,partnership
E38-015,2026-06-27T16:58:11+04:00,sales
E23-034,2026-03-10T14:12:50+04:00,support
E46-001,2026-08-19T18:59:52+04:00,sales
E26-023,2026-04-02T00:00:14+04:00,support
E12-002,2025-12-23T15:58:48+04:00,spam
E04-001,2025-10-28T00:05:02+04:00,partnership
E06-006,2025-11-15T05:02:59+04:00,support
E25-010,2026-03-29T05:33:26+04:00,spam
E49-024,2026-09-10T19:49:29+04:00,sales
E12-030,2025-12-27T18:49:13+04:00,sales
E00-013,2025-09-29T14:57:52+04:00,sales
E12-041,2025-12-27T22:42:22+04:00,spam
E41-028,2026-07-16T16:32:53+04:00,sales
E17-035,2026-01-26T16:50:17+04:00,spam
E13-036,2025-12-29T07:57:04+04:00,spam
E24-008,2026-03-21T20:56:57+04:00,spam
E12-008,2025-12-23T14:22:53+04:00,support
E12-042,2025-12-27T13:16:10+04:00,complaint
E16-011,2026-01-25T09:09:40+04:00,sales
E03-006,2025-10-26T07:15:59+04:00,spam
E18-023,2026-02-08T03:42:21+04:00,sales
E39-022,2026-07-04T04:49:19+04:00,sales
E39-009,2026-07-04T17:49:19+04:00,sales
E17-016,2026-01-31T17:57:52+04:00,sales
E20-031,2026-02-18T09:00:22+04:00,partnership
E26-017,2026-03-31T21:04:53+04:00,sales
E06-028,2025-11-15T15:28:06+04:00,sales
E13-023,2026-01-01T19:01:19+04:00,partnership
E12-026,2025-12-25T05:43:45+04:00,sales
E49-036,2026-09-07T13:07:00+04:00,partnership
E38-008,2026-06-27T06:57:47+04:00,sales
E41-021,2026-07-14T07:40:57+04:00,support
E50-006,2026-09-18T04:58:14+04:00,sales
E04-009,2025-11-02T20:08:02+04:00,spam
E12-034,2025-12-23T16:03:12+04:00,support
E02-005,2025-10-14T00:40:34+04:00,sales
E29-006,2026-04-25T17:02:28+04:00,sales
E26-001,2026-04-05T20:44:07+04:00,complaint
E40-020,2026-07-08T08:20:14+04:00,sales
E29-018,2026-04-24T21:27:37+04:00,support
E00-005,2025-10-05T11:34:41+04:00,support
E45-023,2026-08-15T14:03:16+04:00,sales
E30-020,2026-04-28T03:54:39+04:00,partnership
E49-004,2026-09-09T15:06:56+04:00,sales
E00-001,2025-10-05T08:48:41+04:00,partnership
E31-013,2026-05-06T07:53:45+04:00,support
E02-008,2025-10-19T09:19:23+04:00,spam
E26-022,2026-03-31T11:15:13+04:00,sales
E18-035,2026-02-02T12:17:21+04:00,sales
E35-001,2026-06-07T19:39:41+04:00,support
E15-006,2026-01-12T04:04:23+04:00,sales
E25-006,2026-03-24T20:51:19+04:00,partnership
E21-004,2026-03-01T12:33:41+04:00,partnership
E12-027,2025-12-24T19:15:28+04:00,complaint
E32-000,2026-05-12T16:50:31+04:00,support
E12-038,2025-12-24T11:04:46+04:00,sales
E23-008,2026-03-12T18:02:15+04:00,partnership
E28-009,2026-04-14T10:40:11+04:00,partnership
E31-012,2026-05-05T21:01:47+04:00,complaint
E29-020,2026-04-22T11:00:29+04:00,support
E30-011,2026-04-29T11:13:18+04:00,sales
E44-018,2026-08-03T06:31:07+04:00,support
E05-009,2025-11-08T21:09:09+04:00,spam
E30-009,2026-04-29T02:07:06+04:00,sales
E20-030,2026-02-17T15:48:14+04:00,sales
E04-015,2025-10-29T22:02:33+04:00,sales
E24-007,2026-03-20T03:51:02+04:00,sales
E39-010,2026-07-03T01:13:19+04:00,spam
E27-017,2026-04-07T00:36:37+04:00,support
E10-002,2025-12-14T04:40:39+04:00,support
E39-017,2026-07-01T00:01:44+04:00,sales
E07-017,2025-11-21T04:08:11+04:00,sales
E40-030,2026-07-08T22:14:42+04:00,support
E35-010,2026-06-02T15:29:45+04:00,partnership
E12-010,2025-12-24T10:55:37+04:00,complaint
E32-017,2026-05-11T13:32:38+04:00,spam
E10-021,2025-12-12T19:38:52+04:00,sales
E16-010,2026-01-25T21:13:17+04:00,sales
E15-034,2026-01-13T00:45:35+04:00,support
E09-007,2025-12-04T01:52:33+04:00,sales
E39-007,2026-06-29T16:34:27+04:00,partnership
E24-011,2026-03-17T11:25:00+04:00,partnership
E50-024,2026-09-15T08:54:35+04:00,sales
E40-018,2026-07-12T17:19:37+04:00,support
E18-025,2026-02-07T02:56:03+04:00,spam
E22-010,2026-03-02T13:51:06+04:00,support
E40-022,2026-07-11T03:44:46+04:00,partnership
E40-040,2026-07-08T14:29:14+04:00,sales
E16-005,2026-01-24T14:41:27+04:00,spam
E38-029,2026-06-22T16:33:31+04:00,support
E00-010,2025-09-29T03:34:21+04:00,sales
E42-007,2026-07-25T23:10:54+04:00,complaint
E30-017,2026-05-01T18:46:28+04:00,support
E30-038,2026-05-02T20:00:00+04:00,support
E19-021,2026-02-10T08:15:23+04:00,support
E12-014,2025-12-23T18:16:43+04:00,spam
E30-032,2026-04-29T19:00:49+04:00,spam
E09-016,2025-12-05T19:57:49+04:00,complaint
E16-008,2026-01-20T19:28:21+04:00,complaint
E26-028,2026-04-01T05:36:24+04:00,support
E19-023,2026-02-09T20:01:43+04:00,support
E18-012,2026-02-07T20:13:03+04:00,support
E13-017,2026-01-04T09:19:38+04:00,sales
E32-010,2026-05-14T17:08:52+04:00,support
E40-029,2026-07-10T01:54:36+04:00,sales
E13-020,2025-12-30T01:45:42+04:00,support
E15-013,2026-01-14T05:55:18+04:00,support
E14-010,2026-01-10T07:46:09+04:00,complaint
E20-015,2026-02-18T10:39:44+04:00,spam
E03-003,2025-10-24T20:54:44+04:00,complaint
E01-001,2025-10-06T23:31:54+04:00,sales
E23-031,2026-03-15T02:06:26+04:00,spam
E03-016,2025-10-20T07:45:41+04:00,partnership
E44-034,2026-08-08T03:50:23+04:00,support
E14-001,2026-01-07T11:01:24+04:00,sales
E28-019,2026-04-13T02:16:01+04:00,sales
E07-003,2025-11-17T07:29:45+04:00,sales
E15-028,2026-01-17T04:39:10+04:00,sales
E02-000,2025-10-17T16:35:41+04:00,sales
E41-018,2026-07-17T07:37:58+04:00,spam
E43-001,2026-07-30T11:51:38+04:00,spam
E06-015,2025-11-16T04:12:21+04:00,sales
E02-012,2025-10-17T03:32:12+04:00,spam
E48-007,2026-09-01T06:04:10+04:00,complaint
E29-025,2026-04-24T15:32:28+04:00,partnership
E05-012,2025-11-07T23:10:08+04:00,complaint
E06-027,2025-11-14T20:46:40+04:00,spam
E35-014,2026-06-07T22:34:51+04:00,spam
E19-001,2026-02-09T09:22:53+04:00,complaint
E28-014,2026-04-17T23:05:36+04:00,spam
E13-019,2025-12-29T22:47:14+04:00,support
E18-038,2026-02-04T14:04:51+04:00,support
E08-015,2025-11-25T02:28:30+04:00,sales
E01-007,2025-10-12T03:15:08+04:00,sales
E39-018,2026-07-02T23:17:14+04:00,support
E40-028,2026-07-09T22:34:48+04:00,spam
E29-007,2026-04-20T01:37:54+04:00,sales
E41-027,2026-07-13T11:45:01+04:00,partnership
E02-021,2025-10-14T20:55:45+04:00,complaint
E13-025,2025-12-29T03:08:27+04:00,support
E13-008,2025-12-29T02:09:50+04:00,support
E15-010,2026-01-13T04:44:39+04:00,sales
E00-016,2025-09-29T21:34:40+04:00,support
E50-003,2026-09-15T01:02:07+04:00,sales
E08-032,2025-11-26T09:03:58+04:00,sales
E41-024,2026-07-14T17:32:02+04:00,complaint
E26-024,2026-04-04T17:59:14+04:00,sales
E03-002,2025-10-22T09:58:47+04:00,partnership
E49-019,2026-09-09T23:15:25+04:00,spam
E39-026,2026-06-29T09:31:12+04:00,support
E50-020,2026-09-17T02:08:11+04:00,spam
E39-024,2026-06-30T20:14:25+04:00,spam
E19-000,2026-02-09T06:46:08+04:00,sales
E20-010,2026-02-21T16:02:42+04:00,support
E09-018,2025-12-06T10:04:48+04:00,partnership
E26-018,2026-04-02T18:33:12+04:00,support
E39-005,2026-07-04T20:09:07+04:00,sales
E12-009,2025-12-23T16:21:48+04:00,sales
E20-022,2026-02-20T15:05:47+04:00,sales
E49-021,2026-09-10T07:05:47+04:00,support
E12-023,2025-12-25T07:44:56+04:00,support
E29-027,2026-04-25T17:53:23+04:00,spam
E09-003,2025-12-02T10:19:12+04:00,complaint
E35-007,2026-06-04T00:38:24+04:00,complaint
E10-008,2025-12-14T22:30:05+04:00,support
E30-002,2026-04-28T13:50:00+04:00,partnership
E35-003,2026-06-02T10:29:53+04:00,sales
E26-016,2026-04-05T00:16:04+04:00,sales
E33-003,2026-05-20T21:30:05+04:00,spam
E06-022,2025-11-13T21:11:16+04:00,support
E09-002,2025-12-01T02:04:19+04:00,sales
E08-031,2025-11-28T23:11:28+04:00,sales
E34-012,2026-05-30T03:09:40+04:00,spam
E42-004,2026-07-22T01:36:31+04:00,complaint
E13-001,2025-12-30T15:32:51+04:00,spam
E13-002,2026-01-03T01:07:36+04:00,sales
E05-010,2025-11-07T15:49:54+04:00,sales
E13-011,2026-01-04T15:04:56+04:00,support
E44-028,2026-08-07T22:07:19+04:00,spam
E32-003,2026-05-14T13:22:01+04:00,spam
E10-027,2025-12-09T21:13:36+04:00,sales
E45-009,2026-08-16T03:00:02+04:00,complaint
E15-016,2026-01-17T03:31:32+04:00,spam
E34-001,2026-05-31T22:21:29+04:00,support
E45-019,2026-08-12T03:33:48+04:00,complaint
E49-035,2026-09-10T08:38:17+04:00,sales
E43-023,2026-07-31T14:21:55+04:00,support
E38-003,2026-06-23T22:14:25+04:00,sales
E17-023,2026-01-31T04:54:13+04:00,sales
E02-017,2025-10-19T13:13:10+04:00,support
E41-022,2026-07-18T21:20:42+04:00,support
E06-026,2025-11-16T06:13:48+04:00,sales
E30-023,2026-04-30T23:16:41+04:00,support
E12-012,2025-12-28T08:34:09+04:00,complaint
E18-014,2026-02-03T16:06:00+04:00,sales
E24-000,2026-03-16T22:13:39+04:00,support
E23-024,2026-03-09T10:53:45+04:00,support
E35-023,2026-06-04T21:24:36+04:00,spam
E33-000,2026-05-19T07:23:54+04:00,sales
E42-009,2026-07-21T05:48:29+04:00,spam
E47-001,2026-08-24T17:20:12+04:00,support
E33-022,2026-05-22T20:53:35+04:00,complaint
E05-006,2025-11-05T06:29:47+04:00,sales
E31-008,2026-05-10T02:09:14+04:00,sales
E29-003,2026-04-21T15:25:13+04:00,spam
E22-003,2026-03-04T19:24:29+04:00,partnership
E13-034,2026-01-04T22:51:27+04:00,complaint
E21-025,2026-03-01T07:17:55+04:00,spam
E00-018,2025-10-05T19:56:20+04:00,sales
E18-020,2026-02-06T03:52:37+04:00,support
E30-008,2026-04-28T18:57:35+04:00,sales
E31-006,2026-05-06T08:23:19+04:00,spam
E42-010,2026-07-23T04:03:01+04:00,complaint
E23-000,2026-03-13T14:49:11+04:00,complaint
E07-010,2025-11-21T12:04:03+04:00,support
E29-017,2026-04-23T17:03:22+04:00,complaint
E50-015,2026-09-17T01:20:51+04:00,sales
E14-013,2026-01-05T04:33:09+04:00,partnership
E33-023,2026-05-20T02:06:55+04:00,partnership
E11-024,2025-12-15T23:17:20+04:00,complaint
E44-019,2026-08-04T13:51:41+04:00,support
E37-028,2026-06-19T12:50:34+04:00,sales
E02-013,2025-10-18T21:38:12+04:00,spam
E24-005,2026-03-18T04:02:36+04:00,sales
E00-012,2025-10-03T03:14:16+04:00,support
E45-012,2026-08-10T14:34:15+04:00,complaint
E17-010,2026-01-27T04:55:17+04:00,partnership
E26-015,2026-04-05T06:22:22+04:00,partnership
E23-015,2026-03-12T17:53:15+04:00,sales
E05-005,2025-11-08T22:37:06+04:00,complaint
E13-003,2026-01-03T03:59:43+04:00,spam
E17-007,2026-01-27T21:44:20+04:00,spam
E42-001,2026-07-26T11:35:30+04:00,support
E28-005,2026-04-19T10:10:21+04:00,support
E37-025,2026-06-20T05:47:29+04:00,support
E37-012,2026-06-20T18:17:01+04:00,sales
E46-015,2026-08-19T23:03:39+04:00,spam
E02-022,2025-10-15T00:13:00+04:00,sales
E28-032,2026-04-15T13:21:54+04:00,spam
E04-024,2025-10-30T23:03:50+04:00,spam
E43-012,2026-07-30T04:25:36+04:00,sales
E33-025,2026-05-24T12:46:20+04:00,support
E36-007,2026-06-12T19:12:31+04:00,complaint
E30-013,2026-05-03T17:45:24+04:00,sales
E38-007,2026-06-25T13:23:13+04:00,support
E15-032,2026-01-17T23:12:10+04:00,sales
E10-017,2025-12-13T00:34:58+04:00,spam
E43-005,2026-07-29T07:27:53+04:00,partnership
E47-009,2026-08-27T10:17:23+04:00,sales
E11-011,2025-12-18T21:47:46+04:00,support
E29-016,2026-04-25T04:07:47+04:00,sales
E33-026,2026-05-20T18:17:05+04:00,partnership
E28-021,2026-04-18T12:05:57+04:00,complaint
E39-016,2026-07-01T20:28:52+04:00,support
E15-012,2026-01-17T18:16:15+04:00,spam
E23-022,2026-03-10T19:44:42+04:00,sales
E15-008,2026-01-14T02:01:57+04:00,spam
E06-007,2025-11-10T18:36:14+04:00,sales
E34-004,2026-05-26T09:53:01+04:00,sales
E11-022,2025-12-15T20:38:36+04:00,complaint
E15-009,2026-01-18T12:26:57+04:00,spam
E49-031,2026-09-10T11:32:36+04:00,support
E30-042,2026-04-28T00:04:14+04:00,support
E01-000,2025-10-11T09:11:48+04:00,support
E11-006,2025-12-21T12:58:56+04:00,complaint
E18-006,2026-02-05T23:35:36+04:00,support
E30-007,2026-05-02T14:09:21+04:00,support
E29-014,2026-04-24T04:28:34+04:00,spam
E31-004,2026-05-09T09:05:27+04:00,spam
E47-027,2026-08-25T03:19:11+04:00,sales
E20-033,2026-02-22T01:50:21+04:00,sales
E37-011,2026-06-17T14:12:14+04:00,spam
E40-000,2026-07-08T20:16:48+04:00,sales
E45-027,2026-08-13T10:26:28+04:00,partnership
E31-009,2026-05-10T10:29:24+04:00,support
E11-030,2025-12-15T22:42:01+04:00,spam
E28-024,2026-04-14T04:13:25+04:00,spam
E38-005,2026-06-22T23:05:05+04:00,sales
E28-007,2026-04-17T21:11:00+04:00,support
E47-031,2026-08-26T22:57:45+04:00,support
E23-010,2026-03-09T09:25:39+04:00,complaint
E12-040,2025-12-27T07:57:03+04:00,sales
E47-037,2026-08-24T03:48:02+04:00,spam
E12-018,2025-12-23T10:28:58+04:00,spam
E04-020,2025-10-31T04:44:19+04:00,support
E47-022,2026-08-28T05:25:24+04:00,sales
E13-012,2025-12-29T09:44:47+04:00,complaint
E32-011,2026-05-15T12:41:51+04:00,support
E22-009,2026-03-04T23:56:05+04:00,partnership
E50-010,2026-09-14T14:24:47+04:00,support
E50-005,2026-09-20T05:34:17+04:00,support
E06-018,2025-11-11T19:42:55+04:00,support
E20-026,2026-02-18T03:10:34+04:00,complaint
E30-035,2026-05-01T02:54:42+04:00,support
E13-022,2026-01-04T13:03:09+04:00,complaint
E01-011,2025-10-08T14:37:48+04:00,partnership
E38-009,2026-06-24T06:10:56+04:00,sales
E16-017,2026-01-24T05:37:39+04:00,support
E21-010,2026-02-24T12:08:37+04:00,partnership
E21-033,2026-02-23T13:01:48+04:00,complaint
E34-021,2026-05-30T10:49:05+04:00,sales
E08-020,2025-11-26T16:55:46+04:00,spam
E15-029,2026-01-12T20:16:30+04:00,sales
E47-002,2026-08-29T01:39:30+04:00,sales
E34-010,2026-05-26T17:15:51+04:00,sales
E16-020,2026-01-21T07:09:21+04:00,partnership
E45-017,2026-08-15T04:24:58+04:00,sales
E38-012,2026-06-23T02:52:33+04:00,sales
E34-009,2026-05-29T21:04:44+04:00,spam
E46-011,2026-08-19T07:09:08+04:00,spam
E18-032,2026-02-08T20:53:15+04:00,spam
E27-010,2026-04-10T12:27:59+04:00,sales
E25-018,2026-03-23T08:19:34+04:00,sales
E49-001,2026-09-12T19:21:58+04:00,partnership
E33-001,2026-05-19T04:42:45+04:00,complaint
E35-024,2026-06-02T00:11:48+04:00,sales
E05-013,2025-11-08T01:03:40+04:00,complaint
E15-002,2026-01-16T05:18:53+04:00,spam
E32-014,2026-05-15T00:34:48+04:00,partnership
E02-016,2025-10-14T05:27:33+04:00,spam
E08-028,2025-11-28T12:54:12+04:00,support
E30-034,2026-04-30T15:56:44+04:00,sales
E06-001,2025-11-13T03:30:40+04:00,support
E25-011,2026-03-27T20:34:05+04:00,sales
E03-011,2025-10-26T11:03:18+04:00,spam
E11-017,2025-12-15T09:16:02+04:00,sales
E33-011,2026-05-20T04:38:37+04:00,sales
E32-018,2026-05-17T08:58:36+04:00,support
E29-026,2026-04-23T08:45:04+04:00,support
E19-024,2026-02-11T12:08:29+04:00,support
E26-014,2026-03-30T15:26:35+04:00,partnership
E30-021,2026-04-30T20:43:41+04:00,support
E50-011,2026-09-19T21:11:17+04:00,spam
E20-024,2026-02-19T15:26:55+04:00,partnership
E12-001,2025-12-26T03:33:08+04:00,sales
E01-017,2025-10-11T18:08:25+04:00,spam
E27-009,2026-04-12T17:03:46+04:00,sales
E16-015,2026-01-22T05:32:13+04:00,sales
E12-016,2025-12-25T20:28:38+04:00,spam
E32-016,2026-05-12T18:02:32+04:00,sales
E42-015,2026-07-25T04:05:14+04:00,sales
E04-011,2025-10-30T19:36:01+04:00,spam
E45-013,2026-08-14T07:17:48+04:00,sales
E26-027,2026-04-02T15:21:32+04:00,spam
E12-003,2025-12-26T15:19:33+04:00,sales
E49-007,2026-09-13T04:04:12+04:00,spam
E25-019,2026-03-29T10:37:53+04:00,support
E23-029,2026-03-10T17:01:45+04:00,spam
E48-002,2026-09-03T08:40:53+04:00,spam
E36-012,2026-06-09T14:24:32+04:00,sales
E35-019,2026-06-02T15:18:18+04:00,sales
E40-016,2026-07-06T00:58:54+04:00,spam
E26-019,2026-03-30T01:52:44+04:00,partnership
E42-002,2026-07-21T17:17:40+04:00,sales
E17-008,2026-01-31T08:36:05+04:00,partnership
E11-002,2025-12-17T06:02:26+04:00,support
E08-021,2025-11-28T00:41:38+04:00,spam
E23-004,2026-03-13T01:42:47+04:00,sales
E35-009,2026-06-02T04:16:24+04:00,spam
E31-005,2026-05-10T12:52:32+04:00,support
E06-025,2025-11-10T15:20:30+04:00,support
E39-011,2026-06-30T10:26:09+04:00,spam
E50-014,2026-09-18T06:40:45+04:00,complaint
E09-012,2025-12-07T18:24:06+04:00,complaint
E22-002,2026-03-05T17:15:31+04:00,support
E23-020,2026-03-10T04:21:50+04:00,spam
E39-023,2026-06-30T02:53:19+04:00,support
E17-034,2026-01-27T19:58:04+04:00,partnership
E33-019,2026-05-21T04:39:17+04:00,support
E22-000,2026-03-03T02:29:12+04:00,complaint
E10-011,2025-12-11T20:17:50+04:00,sales
E29-030,2026-04-21T18:40:07+04:00,sales
E41-019,2026-07-18T05:11:11+04:00,sales
E36-010,2026-06-14T21:35:46+04:00,complaint
E35-004,2026-06-05T23:19:40+04:00,support
E12-005,2025-12-28T22:52:07+04:00,support
E18-024,2026-02-08T18:57:05+04:00,spam
E29-022,2026-04-22T15:02:35+04:00,sales
E35-021,2026-06-02T08:19:22+04:00,spam
E19-016,2026-02-11T19:52:39+04:00,sales
E10-003,2025-12-13T10:10:40+04:00,support
E01-013,2025-10-11T12:05:28+04:00,support
E22-012,2026-03-05T21:41:03+04:00,sales
E00-006,2025-09-29T13:15:26+04:00,sales
E08-011,2025-11-25T10:34:33+04:00,support
E08-005,2025-11-26T16:52:04+04:00,sales
E49-028,2026-09-07T20:53:41+04:00,sales
E21-016,2026-03-01T23:30:16+04:00,sales
E17-005,2026-01-28T00:39:20+04:00,support
E23-005,2026-03-12T10:11:55+04:00,sales
E44-001,2026-08-04T04:18:08+04:00,spam
E47-024,2026-08-29T04:46:58+04:00,spam
E17-002,2026-01-27T08:18:39+04:00,partnership
E17-030,2026-01-27T00:41:36+04:00,spam
E28-027,2026-04-19T08:58:25+04:00,support
E20-014,2026-02-21T10:34:06+04:00,sales
E27-018,2026-04-10T15:49:46+04:00,sales
E39-019,2026-06-30T00:08:24+04:00,complaint
E26-003,2026-04-03T18:22:13+04:00,partnership
E34-000,2026-05-27T11:18:18+04:00,sales
E26-029,2026-04-05T15:14:36+04:00,spam
E06-014,2025-11-11T09:35:36+04:00,spam
E26-011,2026-04-03T00:30:01+04:00,support
E08-026,2025-11-28T07:26:30+04:00,sales
E11-029,2025-12-15T20:30:07+04:00,support
E50-028,2026-09-16T08:01:41+04:00,spam
E16-018,2026-01-21T14:47:17+04:00,spam
E21-029,2026-03-01T08:14:15+04:00,complaint
E01-010,2025-10-12T16:35:16+04:00,spam
E06-021,2025-11-13T00:18:42+04:00,sales
E42-020,2026-07-23T20:45:10+04:00,support
E30-000,2026-05-03T08:39:03+04:00,support
E09-004,2025-12-05T13:14:07+04:00,support
E20-036,2026-02-20T12:41:10+04:00,spam
E00-020,2025-09-30T10:30:05+04:00,spam
E02-009,2025-10-18T03:19:33+04:00,sales
E16-001,2026-01-23T13:54:08+04:00,sales
E06-004,2025-11-11T10:23:11+04:00,partnership
E36-005,2026-06-12T13:14:06+04:00,sales
E20-018,2026-02-18T00:51:55+04:00,support
E39-002,2026-07-03T20:27:53+04:00,support
E20-009,2026-02-16T22:46:01+04:00,sales
E11-008,2025-12-21T00:55:18+04:00,support
E41-004,2026-07-13T13:30:10+04:00,support
E16-004,2026-01-21T18:36:56+04:00,spam
E38-026,2026-06-24T02:02:19+04:00,support
E44-012,2026-08-08T03:03:01+04:00,spam
E09-015,2025-12-04T17:19:09+04:00,sales
E49-025,2026-09-13T18:47:19+04:00,sales
E50-002,2026-09-15T05:02:54+04:00,partnership
E15-019,2026-01-13T08:07:54+04:00,sales
E19-028,2026-02-11T11:07:12+04:00,spam
E12-007,2025-12-25T23:54:40+04:00,spam
E18-021,2026-02-02T02:21:14+04:00,sales
E37-024,2026-06-18T04:26:58+04:00,spam
E46-004,2026-08-22T06:24:11+04:00,support
E04-013,2025-10-31T20:00:43+04:00,complaint
E26-002,2026-03-30T15:35:36+04:00,spam
